{
    "loss": 2.5879411697387695,
    "accuracy": 0.7770729660987854
}