{
    "loss": 9.597661018371582,
    "accuracy": 0.690077006816864
}