{
    "loss": 1.7060760259628296,
    "accuracy": 0.720888078212738
}