{
    "loss": 4.916511058807373,
    "accuracy": 0.6995922327041626
}