{
    "loss": 11.857276916503906,
    "accuracy": 0.690077006816864
}